,accuracy,per_digit_accuracy
len = 1-5,0.072,0.4075166666666666
len = 6-15,0.0,0.2973247286210526
len = 16-30,0.0,0.23717426356503202
len = 1-30,0.011,0.5021122370732862
